{
  "one_shot_data": {
    "BodyPoof": {
      "name": "BodyPoof",
      "angle_rand": [0.0, 6.2831854820251465],
      "radius_rand": [0.009999999776482582, 0.009999999776482582],
      "gravity": 0.0,
      "velocity": [
        [0.0, 0.0],
        [0.0, 2.0],
        [0.0, 0.0]
      ],
      "particle_lifetime": [0.25, 0.5],
      "particle_scale": [0.07999999821186066, 0.20000000298023224],
      "particle_count": 3,
      "colors": [
        [0.49799999594688416, 0.49799999594688416, 0.49799999594688416, 0.699999988079071]
      ],
      "texture_has_alpha": false,
      "radial_speed": [0.0, 0.0],
      "up_speed": [0.0, 0.0],
      "jitter": [0.0, 0.0],
      "base_alpha": [0.0, 0.0],
      "alpha_multiplier": 0.0,
      "alpha_power": 0.0,
      "base_scale": [0.0, 0.0],
      "scale_multiplier": 0.0,
      "scale_power": 0.0,
      "direction": [0.0, 0.0, 0.0]
    },
    "DesertSlide": {
      "name": "DesertSlide",
      "angle_rand": [0.0, 6.2831854820251465],
      "radius_rand": [0.009999999776482582, 0.009999999776482582],
      "gravity": 0.0,
      "velocity": [
        [0.0, 0.0],
        [0.0, 2.0],
        [0.0, 0.0]
      ],
      "particle_lifetime": [0.5, 1.0],
      "particle_scale": [0.07999999821186066, 0.20000000298023224],
      "particle_count": 3,
      "colors": [
        [0.3799999952316284, 0.18000000715255737, 0.0, 0.800000011920929],
        [0.5059999823570251, 0.32499998807907104, 0.12200000137090683, 0.800000011920929],
        [0.4269999861717224, 0.24699999392032623, 0.050999999046325684, 0.800000011920929],
        [0.6240000128746033, 0.41600000858306885, 0.20000000298023224, 0.800000011920929]
      ],
      "texture_has_alpha": true,
      "radial_speed": [0.0, 0.0],
      "up_speed": [0.0, 0.0],
      "jitter": [0.0, 0.0],
      "base_alpha": [1.0, 1.0],
      "alpha_multiplier": 1.0,
      "alpha_power": 1.0,
      "base_scale": [0.5, 0.5],
      "scale_multiplier": 1.0,
      "scale_power": 1.0,
      "direction": [0.0, 1.0, 0.0],
      "texture_path": "resources/textures/particles/smoke.png"
    },
    "ShootyPart": {
      "name": "ShootyPart",
      "angle_rand": [0.0, 6.2831854820251465],
      "radius_rand": [0.0, 0.0],
      "gravity": -9.800000190734863,
      "velocity": [
        [0.0, 0.0],
        [1.0, 2.0],
        [0.0, 0.0]
      ],
      "particle_lifetime": [0.30000001192092896, 1.0],
      "particle_scale": [0.0, 0.0],
      "particle_count": 300,
      "colors": [
        [1.0, 0.11299999803304672, 0.4350000023841858, 1.0],
        [1.0, 0.546999990940094, 1.0, 1.0],
        [1.0, 0.27000001072883606, 0.0, 1.0],
        [1.0, 0.27000001072883606, 0.0, 1.0],
        [1.0, 1.0, 1.0, 1.0]
      ],
      "texture_idx": 2,
      "texture_has_alpha": false,
      "radial_speed": [0.0, 0.0],
      "up_speed": [2.5999999046325684, 15.0],
      "jitter": [0.009999999776482582, 0.20000000298023224],
      "base_alpha": [1.0, 1.0],
      "alpha_multiplier": 0.25999999046325684,
      "alpha_power": 1.0,
      "base_scale": [0.10499999672174454, 0.1420000046491623],
      "scale_multiplier": 1.0,
      "scale_power": 1.0,
      "direction": [0.0, 1.0, 0.0]
    },
    "DesertStep": {
      "name": "DesertStep",
      "angle_rand": [0.0, 6.2831854820251465],
      "radius_rand": [0.0010000000474974513, 0.0010000000474974513],
      "gravity": -1.0,
      "velocity": [
        [0.0, 0.0],
        [0.0, 1.0],
        [0.0, 0.0]
      ],
      "particle_lifetime": [0.5, 0.8999999761581421],
      "particle_scale": [0.07999999821186066, 0.20000000298023224],
      "particle_count": 5,
      "colors": [
        [0.3799999952316284, 0.18000000715255737, 0.0, 0.800000011920929],
        [0.5059999823570251, 0.32499998807907104, 0.12200000137090683, 0.800000011920929],
        [0.4269999861717224, 0.24699999392032623, 0.050999999046325684, 0.800000011920929],
        [0.6240000128746033, 0.41600000858306885, 0.20000000298023224, 0.800000011920929]
      ],
      "texture_path": "resources/textures/particles/smoke.png",
      "texture_idx": 3,
      "texture_has_alpha": true,
      "radial_speed": [0.0, 0.0],
      "up_speed": [0.0, 1.0],
      "jitter": [0.009999999776482582, 0.05000000074505806],
      "base_alpha": [0.800000011920929, 0.800000011920929],
      "alpha_multiplier": 0.5,
      "alpha_power": 1.0,
      "base_scale": [0.05000000074505806, 0.800000011920929],
      "scale_multiplier": 1.0,
      "scale_power": 1.0,
      "direction": [0.0, 1.0, 0.0]
    },
    "ContinuousShit": {
      "name": "ContinuousShit",
      "angle_rand": [0.0, 6.2831854820251465],
      "radius_rand": [0.0, 0.0],
      "gravity": 0.0,
      "velocity": [
        [0.0, 0.0],
        [1.0, 2.0],
        [0.0, 0.0]
      ],
      "particle_lifetime": [0.30000001192092896, 1.0],
      "particle_scale": [0.0, 0.0],
      "particle_count": 10,
      "colors": [
        [1.0, 1.0, 1.0, 1.0]
      ],
      "texture_has_alpha": false,
      "radial_speed": [0.0, 0.0],
      "up_speed": [1.0, 2.0],
      "jitter": [0.009999999776482582, 0.20000000298023224],
      "base_alpha": [1.0, 1.0],
      "alpha_multiplier": 0.0,
      "alpha_power": 1.0,
      "base_scale": [0.07999999821186066, 0.10000000149011612],
      "scale_multiplier": 1.0,
      "scale_power": 1.0,
      "direction": [0.0, 1.0, 0.0],
      "pps": 100
    },
    "DamageBlood": {
      "name": "DamageBlood",
      "angle_rand": [0.0, 6.2831854820251465],
      "radius_rand": [0.009999999776482582, 0.009999999776482582],
      "gravity": -9.800000190734863,
      "velocity": [
        [0.0, 0.0],
        [0.0, 2.0],
        [0.0, 0.0]
      ],
      "particle_lifetime": [0.3499999940395355, 1.0],
      "particle_scale": [0.004999999888241291, 0.009999999776482582],
      "particle_count": 8,
      "colors": [
        [0.5799999833106995, 0.10000000149011612, 0.10000000149011612, 1.0]
      ],
      "texture_has_alpha": false,
      "radial_speed": [0.0, 0.0],
      "up_speed": [0.0, 0.0],
      "jitter": [0.0, 0.0],
      "base_alpha": [0.0, 0.0],
      "alpha_multiplier": 0.0,
      "alpha_power": 0.0,
      "base_scale": [0.0, 0.0],
      "scale_multiplier": 0.0,
      "scale_power": 0.0,
      "direction": [0.0, 0.0, 0.0]
    },
    "SmokeyPart": {
      "name": "SmokeyPart",
      "angle_rand": [0.0, 6.2831854820251465],
      "radius_rand": [0.0, 0.0],
      "gravity": -2.0,
      "velocity": [
        [0.0, 0.0],
        [1.0, 2.0],
        [0.0, 0.0]
      ],
      "particle_lifetime": [0.30000001192092896, 1.0],
      "particle_scale": [0.0, 0.0],
      "particle_count": 100,
      "colors": [
        [1.0, 1.0, 0.0, 1.0],
        [1.0, 0.0, 0.0, 1.0],
        [1.0, 0.5, 0.0, 1.0]
      ],
      "texture_path": "resources/textures/brushes/820.jpg",
      "texture_idx": 1,
      "texture_has_alpha": false,
      "radial_speed": [0.0, 16.600000381469727],
      "up_speed": [1.0, 0.0],
      "jitter": [0.009999999776482582, 1.600000023841858],
      "base_alpha": [1.0, 1.0],
      "alpha_multiplier": 0.0,
      "alpha_power": 0.2879999876022339,
      "base_scale": [0.06700000166893005, 0.1899999976158142],
      "scale_multiplier": 5.0,
      "scale_power": 1.0,
      "direction": [0.0, 1.0, 0.0]
    },
    "DesertLand": {
      "name": "DesertLand",
      "angle_rand": [0.0, 3.2831854820251465],
      "radius_rand": [0.10000000149011612, 0.5],
      "gravity": -1.0,
      "velocity": [
        [0.0, 0.0],
        [0.0, 2.0],
        [0.0, 0.0]
      ],
      "particle_lifetime": [0.5, 1.5],
      "particle_scale": [0.07999999821186066, 0.20000000298023224],
      "particle_count": 30,
      "colors": [
        [0.3799999952316284, 0.18000000715255737, 0.0, 0.800000011920929],
        [0.5059999823570251, 0.32499998807907104, 0.12200000137090683, 0.800000011920929],
        [0.4269999861717224, 0.24699999392032623, 0.050999999046325684, 0.800000011920929],
        [0.6240000128746033, 0.41600000858306885, 0.20000000298023224, 0.800000011920929]
      ],